year,sex,name,n ,prop
2000,m,manas,500,0.006516126384003278
2001,m,kalyan,635,0.0065161220126278
2002,m,chandan,201,0.00651612631606278
2003,f,karishma,40,0.00651612675626278
2004,m,mutu,590,0.006516126343426278
2005,m,rajesh,700,0.006516126334346278
2006,m,Ayan,721,0.00651612638503278
